Carrier Code,Date (MM/DD/YYYY),Flight Number,Tail Number,Destination Airport,Departure delay (Minutes)
AA,01-01-2019,1,N111ZM,LAX,-1
AA,01-01-2019,3,N105NN,LAX,-7
AA,01-01-2019,24,N982NN,LAS,-3
AA,01-01-2019,33,N103NN,LAX,-4
AA,01-01-2019,117,N113AN,LAX,-4
AA,01-01-2019,133,N106NN,LAX,23
AA,01-01-2019,179,N108NN,SFO,-5
AA,01-01-2019,243,N396AN,MIA,-4
AA,01-01-2019,255,N104NN,LAX,-4
AA,01-01-2019,277,N902NN,ORD,-1
AA,01-01-2019,341,N102NN,LAX,-9
AA,01-01-2019,429,N808AW,CLT,-5
AA,01-01-2019,631,N803AW,CLT,-4
AA,01-01-2019,952,N941NN,PHX,2
AA,01-01-2019,969,N982NN,LAS,-6
AA,01-01-2019,1119,N966AN,DFW,9
AA,01-01-2019,1140,N102NN,BOS,-7
AA,01-01-2019,1240,N893NN,MCO,-7
AA,01-01-2019,1274,N891NN,DFW,3
AA,01-01-2019,1278,N862NN,BOS,-3
AA,01-01-2019,1414,N951AA,ORD,42
AA,01-01-2019,1444,N890NN,CLT,-1
AA,01-01-2019,1445,N929AN,SEA,54
AA,01-01-2019,1487,N972NN,PHX,-4
AA,01-01-2019,1571,N388AA,MIA,-4
AA,01-01-2019,1587,N934AN,PHX,-3
AA,01-01-2019,1610,N691AA,MIA,0
AA,01-01-2019,2218,N952AA,SAN,7
AA,01-01-2019,2234,N818NN,DFW,-3
AA,01-01-2019,2268,N177AN,MIA,-3
AA,01-01-2019,2291,N901AN,CLT,7
AA,01-01-2019,2305,N116AN,SFO,-6
AA,01-01-2019,2369,N810NN,PHX,-1
AA,01-01-2019,2383,N691AA,MIA,0
AA,01-01-2019,2423,N806NN,DFW,-2
AA,01-01-2019,2514,N860NN,AUS,0
AA,01-01-2019,2572,N733AR,MIA,-2
AA,01-01-2019,2643,N967NN,CLT,-1
AA,01-01-2019,2652,N115NN,SFO,-10
AA,01-01-2019,2704,N880NN,MCO,36
AA,01-01-2019,2756,N874NN,PHX,3
AA,01-01-2019,2772,N906NN,AUS,-3
AA,01-01-2019,2773,N893NN,DCA,0
AA,01-01-2019,2783,N183AN,EGE,-4
AA,01-01-2019,2819,N937NN,SAN,-4
AA,01-01-2019,2827,N389AA,DFW,-3
AA,01-02-2019,1,N101NN,LAX,-6
AA,01-02-2019,3,N109NN,LAX,-3
AA,01-02-2019,24,N934AN,LAS,0
AA,01-02-2019,33,N111ZM,LAX,-4
AA,01-02-2019,42,N108NN,LAX,-1
AA,01-02-2019,53,N103NN,LAX,-5
AA,01-02-2019,117,N117AN,LAX,1
AA,01-02-2019,133,N102NN,LAX,9
AA,01-02-2019,179,N107NN,SFO,-5
AA,01-02-2019,243,N397AN,MIA,-3
AA,01-02-2019,255,N104NN,LAX,-6
AA,01-02-2019,277,N959NN,ORD,0
AA,01-02-2019,302,N116AN,LAX,-6
AA,01-02-2019,331,N112AN,LAX,-11
AA,01-02-2019,341,N114NN,LAX,-6
AA,01-02-2019,429,N826AW,CLT,-5
AA,01-02-2019,631,N821AW,CLT,-7
AA,01-02-2019,952,N827NN,PHX,2
AA,01-02-2019,969,N934AN,LAS,-4
AA,01-02-2019,1140,N114NN,BOS,-6
AA,01-02-2019,1240,N979NN,MCO,-2
AA,01-02-2019,1274,N918NN,DFW,-3
AA,01-02-2019,1278,N832NN,BOS,-4
AA,01-02-2019,1414,N944NN,ORD,9
AA,01-02-2019,1444,N910NN,CLT,-2
AA,01-02-2019,1445,N964AN,SEA,1
AA,01-02-2019,1487,N301PA,PHX,-5
AA,01-02-2019,1500,N944NN,CLT,1
AA,01-02-2019,1571,N348AN,MIA,-2
AA,01-02-2019,1587,N981AN,PHX,-7
AA,01-02-2019,1610,N187AN,MIA,-2
AA,01-02-2019,2218,N928NN,SAN,-4
AA,01-02-2019,2234,N980AN,DFW,47
AA,01-02-2019,2268,N192AN,MIA,0
AA,01-02-2019,2291,N945NN,CLT,-2
AA,01-02-2019,2305,N113AN,SFO,-8
AA,01-02-2019,2369,N886NN,PHX,0
AA,01-02-2019,2383,N148AN,MIA,-7
AA,01-02-2019,2423,N937NN,DFW,9
AA,01-02-2019,2514,N844NN,AUS,-4
AA,01-02-2019,2572,N728AN,MIA,-3
AA,01-02-2019,2643,N909NN,CLT,85
AA,01-02-2019,2652,N105NN,SFO,-7
AA,01-02-2019,2704,N955NN,MCO,-5
AA,01-02-2019,2756,N954AN,PHX,1
AA,01-02-2019,2772,N355PU,AUS,-2
AA,01-02-2019,2773,N979NN,DCA,-1
AA,01-02-2019,2783,N183AN,EGE,-11
AA,01-02-2019,2819,N967AN,SAN,0
AA,01-02-2019,2827,N349AN,DFW,65
AA,01-03-2019,1,N101NN,LAX,12
AA,01-03-2019,3,N110AN,LAX,-6
AA,01-03-2019,24,N306NY,LAS,12
AA,01-03-2019,33,N115NN,LAX,-1
AA,01-03-2019,42,N107NN,LAX,-8
AA,01-03-2019,53,N106NN,LAX,31
AA,01-03-2019,117,N114NN,LAX,118
AA,01-03-2019,133,N105NN,LAX,44
AA,01-03-2019,179,N104NN,SFO,-6
AA,01-03-2019,243,N342AN,MIA,-1
AA,01-03-2019,255,N111ZM,LAX,-3
AA,01-03-2019,277,N936NN,ORD,-1
AA,01-03-2019,302,N112AN,LAX,39
AA,01-03-2019,331,N102NN,LAX,-5
AA,01-03-2019,341,N116AN,LAX,-3
AA,01-03-2019,429,N803AW,CLT,-7
AA,01-03-2019,631,N716UW,CLT,-5
AA,01-03-2019,952,N848NN,PHX,-4
AA,01-03-2019,969,N889NN,LAS,-3
AA,01-03-2019,1140,N116AN,BOS,-4
AA,01-03-2019,1240,N301PA,MCO,1
AA,01-03-2019,1274,N931AN,DFW,-5
AA,01-03-2019,1278,N905AN,BOS,13
AA,01-03-2019,1414,N964AN,ORD,-3
AA,01-03-2019,1444,N928AN,CLT,-3
AA,01-03-2019,1445,N942NN,SEA,-3
AA,01-03-2019,1487,N961NN,PHX,0
AA,01-03-2019,1500,N301NW,CLT,-6
AA,01-03-2019,1571,N391AA,MIA,-3
AA,01-03-2019,1587,N301NW,PHX,-3
AA,01-03-2019,1610,N188AN,MIA,-3
AA,01-03-2019,2218,N850NN,SAN,2
AA,01-03-2019,2234,N800NN,DFW,-2
AA,01-03-2019,2268,N183AN,MIA,-5
AA,01-03-2019,2291,N874NN,CLT,-6
AA,01-03-2019,2305,N109NN,SFO,6
AA,01-03-2019,2369,N998NN,PHX,16
AA,01-03-2019,2383,N932AM,MIA,151
AA,01-03-2019,2423,N844NN,DFW,-6
AA,01-03-2019,2514,N844NN,AUS,-1
AA,01-03-2019,2572,N729AN,MIA,-1
AA,01-03-2019,2643,N957AN,CLT,-5
AA,01-03-2019,2652,N117AN,SFO,-3
AA,01-03-2019,2704,N859NN,MCO,1
AA,01-03-2019,2756,N887NN,PHX,19
AA,01-03-2019,2772,N949AN,AUS,-6
AA,01-03-2019,2773,N905AN,DCA,-5
AA,01-03-2019,2783,N197AN,EGE,205
AA,01-03-2019,2819,N805NN,SAN,10
AA,01-03-2019,2827,N399AN,DFW,-3
AA,01-04-2019,1,N111ZM,LAX,-3
AA,01-04-2019,3,N115NN,LAX,-8
AA,01-04-2019,24,N852NN,LAS,-2
AA,01-04-2019,33,N106NN,LAX,-10
AA,01-04-2019,42,N101NN,LAX,-5
AA,01-04-2019,53,N108NN,LAX,-7
AA,01-04-2019,117,N113AN,LAX,0
AA,01-04-2019,133,N117AN,LAX,8
AA,01-04-2019,179,N107NN,SFO,-2
AA,01-04-2019,243,N389AA,MIA,-4
AA,01-04-2019,255,N114NN,LAX,9
AA,01-04-2019,277,N853NN,ORD,0
AA,01-04-2019,302,N116AN,LAX,1
AA,01-04-2019,331,N104NN,LAX,-4
AA,01-04-2019,341,N105NN,LAX,-5
AA,01-04-2019,429,N770UW,CLT,-5
AA,01-04-2019,631,N738US,CLT,-4
AA,01-04-2019,952,N937AN,PHX,-5
AA,01-04-2019,969,N852NN,LAS,-5
AA,01-04-2019,1140,N105NN,BOS,4
AA,01-04-2019,1240,N936NN,MCO,7
AA,01-04-2019,1274,N965AN,DFW,-1
AA,01-04-2019,1278,N946AN,BOS,14
AA,01-04-2019,1414,N935NN,ORD,0
AA,01-04-2019,1444,N923AN,CLT,37
AA,01-04-2019,1445,N921NN,SEA,-1
AA,01-04-2019,1487,N919AN,PHX,52
AA,01-04-2019,1500,N945NN,CLT,-2
AA,01-04-2019,1571,N342AN,MIA,0
AA,01-04-2019,1587,N945NN,PHX,2
AA,01-04-2019,1610,N395AN,MIA,27
AA,01-04-2019,2218,N889NN,SAN,2
AA,01-04-2019,2234,N806NN,DFW,-2
AA,01-04-2019,2268,N193AN,MIA,-1
AA,01-04-2019,2291,N920AN,CLT,-5
AA,01-04-2019,2305,N112AN,SFO,7
AA,01-04-2019,2369,N942AN,PHX,-4
AA,01-04-2019,2383,N395AN,MIA,-1
AA,01-04-2019,2423,N883NN,DFW,1
AA,01-04-2019,2514,N883NN,AUS,-4
AA,01-04-2019,2572,N734AR,MIA,-1
AA,01-04-2019,2643,N973NN,CLT,-3
AA,01-04-2019,2652,N106NN,SFO,112
AA,01-04-2019,2704,N887NN,MCO,16
AA,01-04-2019,2756,N969AN,PHX,-6
AA,01-04-2019,2772,N927NN,AUS,-7
AA,01-04-2019,2773,N949AN,DCA,-3
AA,01-04-2019,2783,N184AN,EGE,10
AA,01-04-2019,2819,N301NW,SAN,-1
AA,01-04-2019,2827,N399AN,DFW,-1
AA,01-05-2019,1,N111ZM,LAX,-3
AA,01-05-2019,3,N109NN,LAX,-5
AA,01-05-2019,24,N973NN,LAS,4
AA,01-05-2019,33,N107NN,LAX,-4
AA,01-05-2019,42,N115NN,LAX,-6
AA,01-05-2019,53,N106NN,LAX,-3
AA,01-05-2019,76,N108NN,SFO,-5
AA,01-05-2019,179,N104NN,SFO,95
AA,01-05-2019,243,N379AA,MIA,-4
AA,01-05-2019,255,N110AN,LAX,-1
AA,01-05-2019,302,N117AN,LAX,-3
AA,01-05-2019,429,N662AW,CLT,-5
AA,01-05-2019,487,N826AW,CLT,721
AA,01-05-2019,936,N198AA,STT,0
AA,01-05-2019,952,N942NN,PHX,0
AA,01-05-2019,1140,N116AN,BOS,-5
AA,01-05-2019,1240,N923NN,MCO,0
AA,01-05-2019,1274,N967AN,DFW,-3
AA,01-05-2019,1278,N906AN,BOS,-4
AA,01-05-2019,1357,N757AN,MIA,67
AA,01-05-2019,1414,N976AN,ORD,-6
AA,01-05-2019,1444,N919NN,CLT,14
AA,01-05-2019,1445,N879NN,SEA,4
AA,01-05-2019,1487,N301PA,PHX,-5
AA,01-05-2019,1571,N381AN,MIA,-4
AA,01-05-2019,1587,N904NN,PHX,-1
AA,01-05-2019,1610,N186AN,MIA,-2
AA,01-05-2019,2215,N116AN,SFO,-8
AA,01-05-2019,2218,N983NN,SAN,6
AA,01-05-2019,2234,N949AN,DFW,0
AA,01-05-2019,2268,N874NN,MIA,0
AA,01-05-2019,2369,N866NN,PHX,-4
AA,01-05-2019,2514,N912AN,AUS,-1
AA,01-05-2019,2572,N732AN,MIA,-2
AA,01-05-2019,2643,N809NN,CLT,2
AA,01-05-2019,2652,N113AN,SFO,-3
AA,01-05-2019,2704,N877NN,MCO,21
AA,01-05-2019,2756,N964AN,PHX,10
AA,01-05-2019,2772,N863NN,AUS,-2
AA,01-05-2019,2773,N116AN,DCA,-2
AA,01-05-2019,2783,N197AN,EGE,-5
AA,01-05-2019,2819,N889NN,SAN,-1
AA,01-06-2019,1,N107NN,LAX,-6
AA,01-06-2019,3,N111ZM,LAX,-4
AA,01-06-2019,15,N112AN,SFO,-9
AA,01-06-2019,33,N110AN,LAX,-1
AA,01-06-2019,42,N117AN,LAX,-5
AA,01-06-2019,53,N106NN,LAX,58
AA,01-06-2019,117,N109NN,LAX,-4
AA,01-06-2019,133,N115NN,LAX,-7
AA,01-06-2019,179,N101NN,SFO,112
AA,01-06-2019,243,N347AN,MIA,-5
AA,01-06-2019,255,N104NN,LAX,-6
AA,01-06-2019,277,N971AN,ORD,1
AA,01-06-2019,300,N110AN,LAX,4
AA,01-06-2019,302,N102NN,LAX,114
AA,01-06-2019,331,N108NN,LAX,-8
AA,01-06-2019,341,N105NN,LAX,-7
AA,01-06-2019,429,N704US,CLT,-7
AA,01-06-2019,631,N582UW,CLT,24
AA,01-06-2019,952,N932NN,PHX,-5
AA,01-06-2019,969,N933NN,LAS,-4
AA,01-06-2019,1047,N818NN,MIA,6
AA,01-06-2019,1140,N105NN,BOS,-7
AA,01-06-2019,1240,N971AN,MCO,-3
AA,01-06-2019,1274,N922AN,DFW,0
AA,01-06-2019,1278,N903NN,BOS,-3
AA,01-06-2019,1335,N912AN,LAS,-2
AA,01-06-2019,1414,N895NN,ORD,-4
AA,01-06-2019,1444,N966AN,CLT,-3
AA,01-06-2019,1487,N355PU,PHX,-1
AA,01-06-2019,1571,N379AA,MIA,-3
AA,01-06-2019,1587,N976AN,PHX,0
AA,01-06-2019,1610,N184AN,MIA,-4
AA,01-06-2019,2215,N112AN,SFO,15
AA,01-06-2019,2234,N391AA,DFW,0
AA,01-06-2019,2268,N197AN,MIA,-3
AA,01-06-2019,2286,N928AN,SEA,8
AA,01-06-2019,2291,N874NN,CLT,-5
AA,01-06-2019,2305,N116AN,SFO,-1
AA,01-06-2019,2306,N978AN,SAN,-4
AA,01-06-2019,2369,N909AN,PHX,1
AA,01-06-2019,2383,N184AN,MIA,102
AA,01-06-2019,2423,N915NN,DFW,0
AA,01-06-2019,2514,N915NN,AUS,-4
AA,01-06-2019,2643,N919NN,CLT,0
AA,01-06-2019,2652,N113AN,SFO,1
AA,01-06-2019,2704,N994NN,MCO,2
AA,01-06-2019,2772,N933NN,AUS,-2
AA,01-06-2019,2773,N931NN,DCA,4
AA,01-06-2019,2783,N198AA,EGE,-6
AA,01-07-2019,1,N107NN,LAX,-6
AA,01-07-2019,3,N931NN,LAX,-4
AA,01-07-2019,15,N104NN,SFO,-8
AA,01-07-2019,33,N108NN,LAX,-12
AA,01-07-2019,42,N111ZM,LAX,-3
AA,01-07-2019,53,N102NN,LAX,-5
AA,01-07-2019,117,N110AN,LAX,-6
AA,01-07-2019,133,N105NN,LAX,-8
AA,01-07-2019,171,N117AN,LAX,-3
AA,01-07-2019,179,N115NN,SFO,-5
AA,01-07-2019,243,N399AN,MIA,-3
AA,01-07-2019,255,N116AN,LAX,-6
AA,01-07-2019,277,N905AN,ORD,-1
AA,01-07-2019,300,N117AN,LAX,-5
AA,01-07-2019,302,N113AN,LAX,-8
AA,01-07-2019,331,N101NN,LAX,6
AA,01-07-2019,341,N109NN,LAX,-1
AA,01-07-2019,429,N762US,CLT,-2
AA,01-07-2019,631,N535UW,CLT,-1
AA,01-07-2019,952,N869NN,PHX,-1
AA,01-07-2019,969,N919AN,LAS,0
AA,01-07-2019,1047,N981AN,MIA,-4
AA,01-07-2019,1140,N109NN,BOS,-3
AA,01-07-2019,1240,N970AN,MCO,-2
AA,01-07-2019,1274,N887NN,DFW,-3
AA,01-07-2019,1278,N927AN,BOS,-13
AA,01-07-2019,1335,N919AN,LAS,15
AA,01-07-2019,1414,N956NN,ORD,-1
AA,01-07-2019,1444,N961AN,CLT,-4
AA,01-07-2019,1487,N980NN,PHX,-3
AA,01-07-2019,1500,N866NN,CLT,-7
AA,01-07-2019,1571,N392AN,MIA,-5
AA,01-07-2019,1587,N943AN,PHX,-2
AA,01-07-2019,1610,N192AN,MIA,-5
AA,01-07-2019,2214,N825NN,DFW,-2
AA,01-07-2019,2215,N104NN,SFO,-5
AA,01-07-2019,2234,N388AA,DFW,-5
AA,01-07-2019,2268,N198AA,MIA,-3
AA,01-07-2019,2286,N873NN,SEA,3
AA,01-07-2019,2291,N966AN,CLT,152
AA,01-07-2019,2305,N112AN,SFO,-2
AA,01-07-2019,2306,N901NN,SAN,-3
AA,01-07-2019,2369,N979NN,PHX,0
AA,01-07-2019,2383,N192AN,MIA,-8
AA,01-07-2019,2514,N845NN,AUS,-5
AA,01-07-2019,2643,N934NN,CLT,-2
AA,01-07-2019,2652,N106NN,SFO,72
AA,01-07-2019,2704,N866NN,MCO,-3
AA,01-07-2019,2772,N845NN,AUS,-5
AA,01-07-2019,2773,N970AN,DCA,-7
AA,01-07-2019,2783,N183AN,EGE,-6
AA,01-08-2019,1,N115NN,LAX,-6
AA,01-08-2019,3,N113AN,LAX,93
AA,01-08-2019,15,N111ZM,SFO,-6
AA,01-08-2019,33,N101NN,LAX,-5
AA,01-08-2019,42,N116AN,LAX,-7
AA,01-08-2019,53,N105NN,LAX,-7
AA,01-08-2019,117,N103NN,LAX,10
AA,01-08-2019,133,N109NN,LAX,1
AA,01-08-2019,171,N108NN,LAX,-5
AA,01-08-2019,179,N102NN,SFO,-3
AA,01-08-2019,243,N391AA,MIA,1
AA,01-08-2019,255,N107NN,LAX,-5
AA,01-08-2019,277,N931AN,ORD,-4
AA,01-08-2019,300,N108NN,LAX,-4
AA,01-08-2019,302,N110AN,LAX,-7
AA,01-08-2019,331,N106NN,LAX,-6
AA,01-08-2019,341,N117AN,LAX,60
AA,01-08-2019,429,N758US,CLT,-5
AA,01-08-2019,631,N198UW,CLT,-5
AA,01-08-2019,952,N335PH,PHX,-5
AA,01-08-2019,969,N905AN,LAS,-5
AA,01-08-2019,1047,N804NN,MIA,-6
AA,01-08-2019,1140,N113AN,BOS,-1
AA,01-08-2019,1240,N905AN,MCO,-3
AA,01-08-2019,1278,N920NN,BOS,-3
AA,01-08-2019,1335,N931AN,LAS,4
AA,01-08-2019,1414,N851NN,ORD,-4
AA,01-08-2019,1444,N882NN,CLT,-6
AA,01-08-2019,1487,N876NN,PHX,0
AA,01-08-2019,1500,N883NN,CLT,-4
AA,01-08-2019,1571,N390AA,MIA,2
AA,01-08-2019,1610,N187AN,MIA,-4
AA,01-08-2019,2215,N111ZM,SFO,-6
AA,01-08-2019,2234,N392AN,DFW,-4
AA,01-08-2019,2268,N188AN,MIA,-1
AA,01-08-2019,2286,N355PU,SEA,-2
AA,01-08-2019,2291,N887NN,CLT,-4
AA,01-08-2019,2305,N104NN,SFO,181
AA,01-08-2019,2306,N946AN,SAN,-1
AA,01-08-2019,2369,N931NN,PHX,1
AA,01-08-2019,2383,N195AN,MIA,-4
AA,01-08-2019,2514,N940AN,AUS,-7
AA,01-08-2019,2643,N952AA,CLT,-4
AA,01-08-2019,2652,N112AN,SFO,130
AA,01-08-2019,2704,N883NN,MCO,-5
AA,01-08-2019,2772,N955NN,AUS,-6
AA,01-08-2019,2773,N906AN,DCA,-6
AA,01-09-2019,1,N102NN,LAX,-5
AA,01-09-2019,3,N101NN,LAX,-10
AA,01-09-2019,15,N107NN,SFO,-8
AA,01-09-2019,33,N114NN,LAX,-4
AA,01-09-2019,42,N103NN,LAX,-7
AA,01-09-2019,53,N113AN,LAX,-6
AA,01-09-2019,117,N106NN,LAX,-4
AA,01-09-2019,133,N114NN,LAX,222
AA,01-09-2019,171,N116AN,LAX,-7
AA,01-09-2019,179,N110AN,SFO,83
AA,01-09-2019,243,N385AM,MIA,-2
AA,01-09-2019,255,N105NN,LAX,-8
AA,01-09-2019,277,N954AN,ORD,-5
AA,01-09-2019,300,N116AN,LAX,-3
AA,01-09-2019,302,N104NN,LAX,-5
AA,01-09-2019,331,N112AN,LAX,-7
AA,01-09-2019,341,N115NN,LAX,-7
AA,01-09-2019,429,N751UW,CLT,1
AA,01-09-2019,631,N912UY,CLT,82
AA,01-09-2019,952,N905NN,PHX,-1
AA,01-09-2019,969,N988NN,LAS,-1
AA,01-09-2019,1047,N834NN,MIA,1
AA,01-09-2019,1140,N115NN,BOS,-7
AA,01-09-2019,1240,N924NN,MCO,-1
AA,01-09-2019,1278,N943AN,BOS,-7
AA,01-09-2019,1335,N988NN,LAS,-5
AA,01-09-2019,1414,N903NN,ORD,-2
AA,01-09-2019,1444,N940AN,CLT,-2
AA,01-09-2019,1487,N985NN,PHX,-2
AA,01-09-2019,1500,N859NN,CLT,-3
AA,01-09-2019,1571,N397AN,MIA,2
AA,01-09-2019,1587,N856NN,PHX,-2
AA,01-09-2019,1610,N183AN,MIA,9
AA,01-09-2019,2215,N107NN,SFO,-6
AA,01-09-2019,2234,N395AN,DFW,-2
AA,01-09-2019,2268,N187AN,MIA,-3
AA,01-09-2019,2286,N975AN,SEA,46
AA,01-09-2019,2291,N355PU,CLT,-2
AA,01-09-2019,2305,N111ZM,SFO,-4
AA,01-09-2019,2306,N855NN,SAN,-4
AA,01-09-2019,2369,N929AN,PHX,0
AA,01-09-2019,2383,N173AN,MIA,-4
AA,01-09-2019,2514,N924NN,AUS,-2
AA,01-09-2019,2643,N979AN,CLT,-7
AA,01-09-2019,2652,N109NN,SFO,-6
AA,01-09-2019,2704,N859NN,MCO,-3
AA,01-09-2019,2772,N969AN,AUS,-5
AA,01-09-2019,2773,N975AN,DCA,-5
AA,01-10-2019,1,N101NN,LAX,-5
AA,01-10-2019,3,N108NN,LAX,-9
AA,01-10-2019,15,N103NN,SFO,-4
AA,01-10-2019,33,N115NN,LAX,-7
AA,01-10-2019,42,N113AN,LAX,-7
AA,01-10-2019,53,N114NN,LAX,-4
AA,01-10-2019,117,N116AN,LAX,-4
AA,01-10-2019,133,N117AN,LAX,-2
AA,01-10-2019,171,N105NN,LAX,-9
AA,01-10-2019,179,N102NN,SFO,-7
AA,01-10-2019,243,N388AA,MIA,-8
AA,01-10-2019,255,N104NN,LAX,-7
AA,01-10-2019,277,N908AN,ORD,-3
AA,01-10-2019,300,N105NN,LAX,0
AA,01-10-2019,302,N106NN,LAX,-3
AA,01-10-2019,331,N110AN,LAX,-5
AA,01-10-2019,341,N109NN,LAX,4
AA,01-10-2019,429,N805AW,CLT,-7
AA,01-10-2019,631,N567UW,CLT,27
AA,01-10-2019,952,N851NN,PHX,66
AA,01-10-2019,969,N950AN,LAS,-4
AA,01-10-2019,1047,N813NN,MIA,-3
AA,01-10-2019,1140,N109NN,BOS,-1
AA,01-10-2019,1240,N895NN,MCO,0
AA,01-10-2019,1274,N965AN,DFW,-4
AA,01-10-2019,1278,N949AN,BOS,-7
AA,01-10-2019,1335,N950AN,LAS,-2
AA,01-10-2019,1414,N932AN,ORD,113
AA,01-10-2019,1444,N961AN,CLT,-1
AA,01-10-2019,1487,N315PE,PHX,-4
AA,01-10-2019,1500,N906AN,CLT,-5
AA,01-10-2019,1571,N381AN,MIA,0
AA,01-10-2019,1587,N301PA,PHX,-2
AA,01-10-2019,1610,N198AA,MIA,-4
AA,01-10-2019,2214,N991AN,DFW,-6
AA,01-10-2019,2215,N103NN,SFO,-1
AA,01-10-2019,2234,N342AN,DFW,-5
AA,01-10-2019,2268,N183AN,MIA,-4
AA,01-10-2019,2286,N870NN,SEA,-4
AA,01-10-2019,2291,N929NN,CLT,1
AA,01-10-2019,2305,N107NN,SFO,-3
AA,01-10-2019,2306,N887NN,SAN,-4
AA,01-10-2019,2369,N901AN,PHX,1
AA,01-10-2019,2383,N198AA,MIA,-3
AA,01-10-2019,2423,N894NN,DFW,-4
AA,01-10-2019,2514,N894NN,AUS,-8
AA,01-10-2019,2643,N939AN,CLT,-7
AA,01-10-2019,2652,N111ZM,SFO,-5
AA,01-10-2019,2704,N906AN,MCO,11
AA,01-10-2019,2772,N908AN,AUS,69
AA,01-10-2019,2773,N895NN,DCA,-1
AA,01-10-2019,2783,N196AA,EGE,-11
AA,01-11-2019,1,N113AN,LAX,-3
AA,01-11-2019,3,N107NN,LAX,38
AA,01-11-2019,15,N104NN,SFO,-7
AA,01-11-2019,33,N102NN,LAX,-5
AA,01-11-2019,42,N115NN,LAX,-7
AA,01-11-2019,53,N106NN,LAX,-2
AA,01-11-2019,117,N105NN,LAX,-3
AA,01-11-2019,133,N108NN,LAX,-2
AA,01-11-2019,171,N110AN,LAX,-7
AA,01-11-2019,179,N114NN,SFO,-2
AA,01-11-2019,243,N398AN,MIA,-5
AA,01-11-2019,255,N117AN,LAX,-6
AA,01-11-2019,277,N901AN,ORD,6
AA,01-11-2019,300,N110AN,LAX,-4
AA,01-11-2019,302,N116AN,LAX,12
AA,01-11-2019,331,N109NN,LAX,-5
AA,01-11-2019,341,N101NN,LAX,29
AA,01-11-2019,429,N108UW,CLT,-1
AA,01-11-2019,631,N582UW,CLT,-8
AA,01-11-2019,952,N836NN,PHX,46
AA,01-11-2019,969,N868NN,LAS,-5
AA,01-11-2019,1047,N804NN,MIA,-2
AA,01-11-2019,1140,N101NN,BOS,-5
AA,01-11-2019,1240,N949NN,MCO,2
AA,01-11-2019,1274,N870NN,DFW,-4
AA,01-11-2019,1278,N897NN,BOS,-5
AA,01-11-2019,1335,N972AN,LAS,79
AA,01-11-2019,1414,N901NN,ORD,-5
AA,01-11-2019,1444,N969NN,CLT,-6
AA,01-11-2019,1487,N903AN,PHX,1
AA,01-11-2019,1500,N909NN,CLT,-6
AA,01-11-2019,1571,N385AM,MIA,-1
AA,01-11-2019,1587,N909NN,PHX,-2
AA,01-11-2019,1610,N196AA,MIA,-1
AA,01-11-2019,2214,N803NN,DFW,-6
AA,01-11-2019,2215,N111ZM,SFO,-2
AA,01-11-2019,2234,N399AN,DFW,-3
AA,01-11-2019,2268,N199AN,MIA,-5
AA,01-11-2019,2286,N941NN,SEA,-6
AA,01-11-2019,2291,N965AN,CLT,-2
AA,01-11-2019,2305,N103NN,SFO,99
AA,01-11-2019,2306,N315PE,SAN,0
AA,01-11-2019,2369,N858NN,PHX,-4
AA,01-11-2019,2383,N192AN,MIA,36
AA,01-11-2019,2423,N868NN,DFW,80
AA,01-11-2019,2514,N315PE,AUS,-5
AA,01-11-2019,2643,N913NN,CLT,-4
AA,01-11-2019,2652,N112AN,SFO,-4
AA,01-11-2019,2704,N869NN,MCO,3
AA,01-11-2019,2772,N901AN,AUS,0
AA,01-11-2019,2773,N857NN,DCA,-2
AA,01-11-2019,2783,N194AA,EGE,-9
AA,01-12-2019,1,N117AN,LAX,-6
AA,01-12-2019,3,N113AN,LAX,0
AA,01-12-2019,15,N115NN,SFO,-9
AA,01-12-2019,33,N106NN,LAX,-6
AA,01-12-2019,42,N109NN,LAX,-5
AA,01-12-2019,53,N111ZM,LAX,-2
AA,01-12-2019,179,N108NN,SFO,-8
AA,01-12-2019,243,N396AN,MIA,-5
AA,01-12-2019,255,N112AN,LAX,-4
AA,01-12-2019,302,N116AN,LAX,-5
AA,01-12-2019,936,N196AA,STT,-6
AA,01-12-2019,952,N948AN,PHX,-2
AA,01-12-2019,1047,N825NN,MIA,1
AA,01-12-2019,1140,N105NN,BOS,-4
AA,01-12-2019,1240,N989NN,MCO,-5
AA,01-12-2019,1278,N891NN,BOS,-5
AA,01-12-2019,1335,N950AN,LAS,-3
AA,01-12-2019,1357,N784AN,MIA,-3
AA,01-12-2019,1414,N315PE,ORD,-5
AA,01-12-2019,1444,N864NN,CLT,-3
AA,01-12-2019,1487,N839NN,PHX,-6
AA,01-12-2019,1571,N391AA,MIA,-3
AA,01-12-2019,1587,N963AN,PHX,-5
AA,01-12-2019,1621,N928AN,CLT,0
AA,01-12-2019,1631,N584UW,CLT,0
AA,01-12-2019,2215,N114NN,SFO,-2
AA,01-12-2019,2234,N395AN,DFW,-4
AA,01-12-2019,2242,N816NN,DFW,-7
AA,01-12-2019,2268,N885NN,MIA,-2
AA,01-12-2019,2286,N933AN,SEA,-2
AA,01-12-2019,2306,N910NN,SAN,-5
AA,01-12-2019,2369,N927NN,PHX,0
AA,01-12-2019,2514,N837NN,AUS,-8
AA,01-12-2019,2643,N948AN,CLT,-3
AA,01-12-2019,2704,N922NN,MCO,-5
AA,01-12-2019,2772,N806NN,AUS,-8
AA,01-12-2019,2773,N105NN,DCA,-7
AA,01-12-2019,2783,N188AN,EGE,-5
AA,01/13/2019,1,N109NN,LAX,-2
AA,01/13/2019,3,N115NN,LAX,-8
AA,01/13/2019,15,N117AN,SFO,-6
AA,01/13/2019,33,N104NN,LAX,-5
AA,01/13/2019,42,N108NN,LAX,-2
AA,01/13/2019,53,N107NN,LAX,1
AA,01/13/2019,117,N110AN,LAX,-6
AA,01/13/2019,133,N112AN,LAX,-3
AA,01/13/2019,179,N113AN,SFO,-11
AA,01/13/2019,243,N350AN,MIA,-4
AA,01/13/2019,255,N105NN,LAX,-5
AA,01/13/2019,277,N913NN,ORD,-5
AA,01/13/2019,300,N111ZM,LAX,2
AA,01/13/2019,302,N103NN,LAX,-1
AA,01/13/2019,331,N102NN,LAX,-5
AA,01/13/2019,341,N106NN,LAX,-7
AA,01/13/2019,429,N732US,CLT,-4
AA,01/13/2019,631,N185UW,CLT,-4
AA,01/13/2019,952,N858NN,PHX,39
AA,01/13/2019,969,N952AA,LAS,-7
AA,01/13/2019,1047,N957AN,MIA,-6
AA,01/13/2019,1140,N110AN,BOS,98
AA,01/13/2019,1240,N930AN,MCO,-2
AA,01/13/2019,1274,N830NN,DFW,-6
AA,01/13/2019,1278,N862NN,BOS,7
AA,01/13/2019,1335,N952AA,LAS,-6
AA,01/13/2019,1414,N933AN,ORD,-3
AA,01/13/2019,1444,N894NN,CLT,-1
AA,01/13/2019,1500,N957AN,CLT,14
AA,01/13/2019,1571,N393AN,MIA,3
AA,01/13/2019,1587,N843NN,PHX,-3
AA,01/13/2019,1610,N194AA,MIA,0
AA,01/13/2019,2215,N109NN,SFO,148
AA,01/13/2019,2234,N395AN,DFW,-4
AA,01/13/2019,2268,N188AN,MIA,0
AA,01/13/2019,2286,N870NN,SEA,-1
AA,01/13/2019,2291,N912AN,CLT,-8
AA,01/13/2019,2305,N114NN,SFO,-3
AA,01/13/2019,2306,N948AN,SAN,5
AA,01/13/2019,2369,N836NN,PHX,-6
AA,01/13/2019,2383,N394AN,MIA,-6
AA,01/13/2019,2423,N837NN,DFW,20
AA,01/13/2019,2514,N930AN,AUS,-7
AA,01/13/2019,2643,N903NN,CLT,-4
AA,01/13/2019,2652,N101NN,SFO,3
AA,01/13/2019,2704,N960NN,MCO,0
AA,01/13/2019,2772,N947AN,AUS,-8
AA,01/13/2019,2773,N856NN,DCA,-3
AA,01/13/2019,2783,N196AA,EGE,39
AA,01/14/2019,1,N105NN,LAX,-3
AA,01/14/2019,3,N117AN,LAX,-7
AA,01/14/2019,15,N104NN,SFO,-6
AA,01/14/2019,33,N108NN,LAX,-6
AA,01/14/2019,42,N107NN,LAX,-6
AA,01/14/2019,53,N115NN,LAX,-6
AA,01/14/2019,117,N111ZM,LAX,80
AA,01/14/2019,133,N106NN,LAX,-4
AA,01/14/2019,171,N102NN,LAX,-3
AA,01/14/2019,179,N103NN,SFO,-11
AA,01/14/2019,243,N394AN,MIA,1
AA,01/14/2019,255,N112AN,LAX,-4
AA,01/14/2019,277,N894NN,ORD,129
AA,01/14/2019,300,N102NN,LAX,-5
AA,01/14/2019,302,N101NN,LAX,-2
AA,01/14/2019,331,N113AN,LAX,-8
AA,01/14/2019,341,N114NN,LAX,-5
AA,01/14/2019,429,N757UW,CLT,-5
AA,01/14/2019,631,N185UW,CLT,1
AA,01/14/2019,952,N924NN,PHX,1
AA,01/14/2019,969,N933NN,LAS,-7
AA,01/14/2019,1047,N806NN,MIA,2
AA,01/14/2019,1140,N114NN,BOS,-5
AA,01/14/2019,1240,N938NN,MCO,-7
AA,01/14/2019,1274,N870NN,DFW,-2
AA,01/14/2019,1278,N847NN,BOS,-7
AA,01/14/2019,1335,N933NN,LAS,-8
AA,01/14/2019,1414,N933AN,ORD,-6
AA,01/14/2019,1444,N937NN,CLT,-4
AA,01/14/2019,1487,N953NN,PHX,-1
AA,01/14/2019,1500,N856NN,CLT,-7
AA,01/14/2019,1571,N388AA,MIA,-5
AA,01/14/2019,1587,N980NN,PHX,7
AA,01/14/2019,1610,N175AN,MIA,16
AA,01/14/2019,2214,N830NN,DFW,0
AA,01/14/2019,2215,N108NN,SFO,31
AA,01/14/2019,2234,N395AN,DFW,-1
AA,01/14/2019,2268,N177AN,MIA,-1
AA,01/14/2019,2286,N801NN,SEA,9
AA,01/14/2019,2291,N932AN,CLT,-4
AA,01/14/2019,2305,N109NN,SFO,120
AA,01/14/2019,2306,N887NN,SAN,3
AA,01/14/2019,2369,N905AN,PHX,0
AA,01/14/2019,2383,N391AA,MIA,2
AA,01/14/2019,2514,N887NN,AUS,-6
AA,01/14/2019,2643,N918AN,CLT,-4
AA,01/14/2019,2652,N110AN,SFO,-5
AA,01/14/2019,2704,N947AN,MCO,-3
AA,01/14/2019,2772,N964AN,AUS,-7
AA,01/14/2019,2773,N938NN,DCA,-7
AA,01/14/2019,2783,N196AA,EGE,-2
AA,01/15/2019,1,N107NN,LAX,183
AA,01/15/2019,3,N104NN,LAX,-5
AA,01/15/2019,15,N105NN,SFO,-11
AA,01/15/2019,33,N103NN,LAX,-6
AA,01/15/2019,42,N106NN,LAX,-5
AA,01/15/2019,53,N101NN,LAX,23
AA,01/15/2019,117,N102NN,LAX,16
AA,01/15/2019,133,N117AN,LAX,-1
AA,01/15/2019,171,N113AN,LAX,-11
AA,01/15/2019,179,N112AN,SFO,48
AA,01/15/2019,243,N349AN,MIA,-6
AA,01/15/2019,255,N110AN,LAX,-2
AA,01/15/2019,277,N994NN,ORD,-6
AA,01/15/2019,300,N113AN,LAX,-8
AA,01/15/2019,302,N109NN,LAX,-2
AA,01/15/2019,331,N116AN,LAX,-1
AA,01/15/2019,341,N111ZM,LAX,-6
AA,01/15/2019,429,N741UW,CLT,0
AA,01/15/2019,631,N921US,CLT,-8
AA,01/15/2019,952,N886NN,PHX,-5
AA,01/15/2019,969,N883NN,LAS,-6
AA,01/15/2019,1047,N957AN,MIA,0
AA,01/15/2019,1140,N111ZM,BOS,-4
AA,01/15/2019,1240,N883NN,MCO,-5
AA,01/15/2019,1278,N872NN,BOS,-8
AA,01/15/2019,1335,N994NN,LAS,-9
AA,01/15/2019,1414,N870NN,ORD,-3
AA,01/15/2019,1444,N978AN,CLT,-6
AA,01/15/2019,1487,N941NN,PHX,-2
AA,01/15/2019,1500,N922NN,CLT,-6
AA,01/15/2019,1571,N399AN,MIA,-8
AA,01/15/2019,1610,N196AA,MIA,-3
AA,01/15/2019,2215,N105NN,SFO,-5
AA,01/15/2019,2234,N391AA,DFW,29
AA,01/15/2019,2268,N191AN,MIA,-1
AA,01/15/2019,2286,N957NN,SEA,-1
AA,01/15/2019,2291,N976AN,CLT,-4
AA,01/15/2019,2305,N108NN,SFO,20
AA,01/15/2019,2306,N916AN,SAN,-5
AA,01/15/2019,2369,N827NN,PHX,0
AA,01/15/2019,2383,N196AA,MIA,-5
AA,01/15/2019,2514,N953NN,AUS,-8
AA,01/15/2019,2643,N940NN,CLT,-6
AA,01/15/2019,2652,N114NN,SFO,-6
AA,01/15/2019,2704,N924AN,MCO,-2
AA,01/15/2019,2772,N984NN,AUS,-5
AA,01/15/2019,2773,N836NN,DCA,-5
AA,01/16/2019,1,N104NN,LAX,-5
AA,01/16/2019,3,N102NN,LAX,-8
AA,01/16/2019,15,N112AN,SFO,-7
AA,01/16/2019,33,N111ZM,LAX,-8
AA,01/16/2019,42,N107NN,LAX,-4
AA,01/16/2019,53,N109NN,LAX,-6
AA,01/16/2019,117,N113AN,LAX,-1
AA,01/16/2019,133,N101NN,LAX,3
AA,01/16/2019,171,N116AN,LAX,-5
AA,01/16/2019,179,N110AN,SFO,185
AA,01/16/2019,243,N392AN,MIA,0
AA,01/16/2019,255,N117AN,LAX,-2
AA,01/16/2019,277,N857NN,ORD,-7
AA,01/16/2019,300,N116AN,LAX,-2
AA,01/16/2019,302,N108NN,LAX,-7
AA,01/16/2019,331,N115NN,LAX,-5
AA,01/16/2019,341,N114NN,LAX,-7
AA,01/16/2019,429,N836AW,CLT,-7
AA,01/16/2019,631,N156UW,CLT,-3
AA,01/16/2019,952,N861NN,PHX,-2
AA,01/16/2019,969,N836NN,LAS,-4
AA,01/16/2019,1047,N808NN,MIA,12
AA,01/16/2019,1140,N114NN,BOS,7
AA,01/16/2019,1240,N933NN,MCO,8
AA,01/16/2019,1278,N954NN,BOS,-8
AA,01/16/2019,1335,N836NN,LAS,-2
AA,01/16/2019,1414,N869NN,ORD,-3
AA,01/16/2019,1444,N859NN,CLT,-2
AA,01/16/2019,1487,N958NN,PHX,0
AA,01/16/2019,1500,N922NN,CLT,-1
AA,01/16/2019,1571,N399AN,MIA,-4
AA,01/16/2019,1587,N909AN,PHX,3
AA,01/16/2019,1610,N692AA,MIA,-5
AA,01/16/2019,2215,N103NN,SFO,-6
AA,01/16/2019,2234,N398AN,DFW,-1
AA,01/16/2019,2268,N197AN,MIA,-6
AA,01/16/2019,2286,N875NN,SEA,-7
AA,01/16/2019,2291,N948NN,CLT,14
AA,01/16/2019,2305,N105NN,SFO,-3
AA,01/16/2019,2306,N952AA,SAN,-5
AA,01/16/2019,2369,N890NN,PHX,-6
AA,01/16/2019,2383,N692AA,MIA,1
AA,01/16/2019,2514,N895NN,AUS,-11
AA,01/16/2019,2643,N953NN,CLT,-6
AA,01/16/2019,2652,N106NN,SFO,28
AA,01/16/2019,2704,N922NN,MCO,-8
AA,01/16/2019,2772,N894NN,AUS,-6
AA,01/16/2019,2773,N954AN,DCA,-5
AA,01/17/2019,1,N107NN,LAX,-5
AA,01/17/2019,3,N101NN,LAX,-5
AA,01/17/2019,15,N111ZM,SFO,-7
AA,01/17/2019,33,N110AN,LAX,-6
AA,01/17/2019,42,N117AN,LAX,-1
AA,01/17/2019,53,N104NN,LAX,37
AA,01/17/2019,117,N116AN,LAX,10
AA,01/17/2019,133,N114NN,LAX,-3
AA,01/17/2019,171,N115NN,LAX,-4
AA,01/17/2019,179,N108NN,SFO,-5
AA,01/17/2019,243,N384AA,MIA,71
AA,01/17/2019,255,N109NN,LAX,-5
AA,01/17/2019,277,N922AN,ORD,-6
AA,01/17/2019,300,N115NN,LAX,1
AA,01/17/2019,302,N105NN,LAX,11
AA,01/17/2019,331,N106NN,LAX,-1
AA,01/17/2019,341,N112AN,LAX,-5
AA,01/17/2019,429,N830AW,CLT,-4
AA,01/17/2019,631,N176UW,CLT,0
AA,01/17/2019,952,N969AN,PHX,6
AA,01/17/2019,969,N895NN,LAS,-4
AA,01/17/2019,1047,N804NN,MIA,-3
AA,01/17/2019,1140,N112AN,BOS,-3
AA,01/17/2019,1240,N943AN,MCO,6
AA,01/17/2019,1274,N849NN,DFW,-7
AA,01/17/2019,1278,N965AN,BOS,-6
AA,01/17/2019,1335,N895NN,LAS,0
AA,01/17/2019,1414,N942AN,ORD,-2
AA,01/17/2019,1444,N934AN,CLT,-6
AA,01/17/2019,1487,N984NN,PHX,0
AA,01/17/2019,1500,N907AN,CLT,-2
AA,01/17/2019,1571,N393AN,MIA,-2
AA,01/17/2019,1587,N910AN,PHX,5
AA,01/17/2019,1610,N385AM,MIA,5
AA,01/17/2019,2214,N803NN,DFW,1
AA,01/17/2019,2215,N110AN,SFO,-6
AA,01/17/2019,2234,N395AN,DFW,-2
AA,01/17/2019,2268,N188AN,MIA,-2
AA,01/17/2019,2286,N925AN,SEA,-2
AA,01/17/2019,2291,N970AN,CLT,-1
AA,01/17/2019,2305,N103NN,SFO,-3
AA,01/17/2019,2306,N889NN,SAN,6
AA,01/17/2019,2369,N927NN,PHX,1
AA,01/17/2019,2383,N187AN,MIA,-3
AA,01/17/2019,2423,N971NN,DFW,-5
AA,01/17/2019,2514,N839NN,AUS,-4
AA,01/17/2019,2643,N954AN,CLT,0
AA,01/17/2019,2652,N102NN,SFO,17
AA,01/17/2019,2704,N907AN,MCO,0
AA,01/17/2019,2772,N922AN,AUS,9
AA,01/17/2019,2773,N943AN,DCA,-3
AA,01/17/2019,2783,N173AN,EGE,64
AA,01/18/2019,1,N107NN,LAX,-4
AA,01/18/2019,3,N104NN,LAX,-2
AA,01/18/2019,15,N108NN,SFO,-5
AA,01/18/2019,33,N106NN,LAX,-1
AA,01/18/2019,42,N114NN,LAX,1
AA,01/18/2019,53,N105NN,LAX,-6
AA,01/18/2019,117,N115NN,LAX,-6
AA,01/18/2019,133,N112AN,LAX,-2
AA,01/18/2019,171,N117AN,LAX,-3
AA,01/18/2019,179,N109NN,SFO,-5
AA,01/18/2019,243,N398AN,MIA,-6
AA,01/18/2019,255,N102NN,LAX,10
AA,01/18/2019,277,N860NN,ORD,0
AA,01/18/2019,300,N117AN,LAX,-5
AA,01/18/2019,302,N103NN,LAX,-2
AA,01/18/2019,331,N111ZM,LAX,-5
AA,01/18/2019,341,N113AN,LAX,-3
AA,01/18/2019,429,N103US,CLT,-2
AA,01/18/2019,631,N978UY,CLT,31
AA,01/18/2019,952,N951AA,PHX,-5
AA,01/18/2019,969,N839NN,LAS,-1
AA,01/18/2019,1047,N922NN,MIA,6
AA,01/18/2019,1140,N116AN,BOS,17
AA,01/18/2019,1240,N890NN,MCO,-3
AA,01/18/2019,1274,N925AN,DFW,0
AA,01/18/2019,1278,N839NN,BOS,0
AA,01/18/2019,1335,N879NN,LAS,0
AA,01/18/2019,1414,N878NN,ORD,3
AA,01/18/2019,1444,N819NN,CLT,-1
AA,01/18/2019,1487,N989NN,PHX,-1
AA,01/18/2019,1500,N878NN,CLT,4
AA,01/18/2019,1571,N346AN,MIA,-2
AA,01/18/2019,1587,N937AN,PHX,0
AA,01/18/2019,1610,N692AA,MIA,-2
AA,01/18/2019,2214,N805NN,DFW,-4
AA,01/18/2019,2215,N116AN,SFO,-2
AA,01/18/2019,2234,N385AM,DFW,-4
AA,01/18/2019,2268,N175AN,MIA,5
AA,01/18/2019,2286,N309PC,SEA,-3
AA,01/18/2019,2291,N940AN,CLT,2
AA,01/18/2019,2305,N110AN,SFO,-5
AA,01/18/2019,2306,N887NN,SAN,-3
AA,01/18/2019,2369,N956AN,PHX,0
AA,01/18/2019,2383,N692AA,MIA,0
AA,01/18/2019,2423,N861NN,DFW,-6
AA,01/18/2019,2514,N309PC,AUS,-3
AA,01/18/2019,2643,N932AN,CLT,5
AA,01/18/2019,2652,N101NN,SFO,-7
AA,01/18/2019,2704,N904NN,MCO,0
AA,01/18/2019,2772,N860NN,AUS,4
AA,01/18/2019,2773,N864NN,DCA,-6
AA,01/18/2019,2783,N173AN,EGE,-3
AA,01/19/2019,1,N111ZM,LAX,-1
AA,01/19/2019,3,N109NN,LAX,-6
AA,01/19/2019,15,N105NN,SFO,-4
AA,01/19/2019,53,N102NN,LAX,-2
AA,01/19/2019,179,N112AN,SFO,-6
AA,01/19/2019,243,N385AM,MIA,15
AA,01/19/2019,255,N103NN,LAX,-6
AA,01/19/2019,302,N108NN,LAX,12
AA,01/19/2019,936,N186AN,STT,0
AA,01/19/2019,952,N864NN,PHX,2
AA,01/19/2019,1047,N987AN,MIA,3
AA,01/19/2019,1140,N101NN,BOS,-10
AA,01/19/2019,1240,N936AN,MCO,0
AA,01/19/2019,1278,N979NN,BOS,0
AA,01/19/2019,1335,N891NN,LAS,-1
AA,01/19/2019,1357,N766AN,MIA,9
AA,01/19/2019,1414,N941NN,ORD,258
AA,01/19/2019,1444,N953AN,CLT,-3
AA,01/19/2019,1487,N959NN,PHX,-1
AA,01/19/2019,1571,N399AN,MIA,-5
AA,01/19/2019,1587,N982NN,PHX,1
AA,01/19/2019,1621,N945AN,CLT,-1
AA,01/19/2019,1631,N176UW,CLT,19
AA,01/19/2019,2234,N390AA,DFW,0
AA,01/19/2019,2242,N922NN,DFW,1
AA,01/19/2019,2268,N920NN,MIA,10
AA,01/19/2019,2286,N872NN,SEA,-6
AA,01/19/2019,2306,N906AN,SAN,22
AA,01/19/2019,2369,N890NN,PHX,-2
AA,01/19/2019,2514,N933AN,AUS,-5
AA,01/19/2019,2643,N864NN,CLT,-3
AA,01/19/2019,2704,N913AN,MCO,12
AA,01/19/2019,2772,N971AN,AUS,-8
AA,01/19/2019,2773,N101NN,DCA,1
AA,01/19/2019,2783,N199AN,EGE,-1
AA,01/20/2019,42,N111ZM,LAX,9
AA,01/20/2019,53,N108NN,LAX,9
AA,01/20/2019,179,N112AN,SFO,0
AA,01/20/2019,243,N395AN,MIA,33
AA,01/20/2019,277,N972AN,ORD,-3
AA,01/20/2019,302,N110AN,LAX,-8
AA,01/20/2019,331,N104NN,LAX,-8
AA,01/20/2019,341,N103NN,LAX,-7
AA,01/20/2019,631,N717UW,CLT,1387
AA,01/20/2019,952,N910NN,PHX,16
AA,01/20/2019,969,N933AN,LAS,-3
AA,01/20/2019,1047,N907NN,MIA,5
AA,01/20/2019,1140,N103NN,BOS,0
AA,01/20/2019,1240,N972AN,MCO,-1
AA,01/20/2019,1278,N956AN,BOS,0
AA,01/20/2019,1335,N933AN,LAS,14
AA,01/20/2019,1414,N872NN,ORD,-10
AA,01/20/2019,1444,N901AN,CLT,-3
AA,01/20/2019,1571,N393AN,MIA,10
AA,01/20/2019,1587,N961AN,PHX,-1
AA,01/20/2019,1610,N199AN,MIA,1
AA,01/20/2019,2207,N935NN,CLT,-7
AA,01/20/2019,2234,N348AN,DFW,-3
AA,01/20/2019,2268,N173AN,MIA,4
AA,01/20/2019,2286,N924NN,SEA,-5
AA,01/20/2019,2291,N923AN,CLT,-4
AA,01/20/2019,2305,N115NN,SFO,-6
AA,01/20/2019,2306,N890NN,SAN,-1
AA,01/20/2019,2369,N953AN,PHX,-1
AA,01/20/2019,2383,N199AN,MIA,-1
AA,01/20/2019,2423,N847NN,DFW,-6
AA,01/20/2019,2514,N847NN,AUS,-6
AA,01/20/2019,2704,N933NN,MCO,4
AA,01/20/2019,2772,N969NN,AUS,331
AA,01/20/2019,2773,N876NN,DCA,2
AA,01/20/2019,2783,N183AN,EGE,3
AA,01/21/2019,1,N103NN,LAX,7
AA,01/21/2019,3,N114NN,LAX,-4
AA,01/21/2019,42,N109NN,LAX,78
AA,01/21/2019,53,N108NN,LAX,84
AA,01/21/2019,117,N101NN,LAX,69
AA,01/21/2019,133,N112AN,LAX,102
AA,01/21/2019,179,N105NN,SFO,31
AA,01/21/2019,243,N350AN,MIA,-1
AA,01/21/2019,277,N962AN,ORD,-2
AA,01/21/2019,302,N115NN,LAX,-1
AA,01/21/2019,331,N107NN,LAX,4
AA,01/21/2019,341,N106NN,LAX,-6
AA,01/21/2019,429,N808AW,CLT,-7
AA,01/21/2019,631,N924US,CLT,94
AA,01/21/2019,952,N800NN,PHX,16
AA,01/21/2019,969,N970NN,LAS,3
AA,01/21/2019,1047,N807NN,MIA,0
AA,01/21/2019,1140,N112AN,BOS,170
AA,01/21/2019,1240,N901AN,MCO,1
AA,01/21/2019,1274,N966AN,DFW,25
AA,01/21/2019,1278,N879NN,BOS,153
AA,01/21/2019,1335,N970NN,LAS,23
AA,01/21/2019,1414,N924NN,ORD,12
AA,01/21/2019,1444,N876NN,CLT,9
AA,01/21/2019,1487,N916AN,PHX,-1
AA,01/21/2019,1500,N843NN,CLT,9
AA,01/21/2019,1571,N391AA,MIA,3
AA,01/21/2019,1587,N886NN,PHX,10
AA,01/21/2019,1610,N183AN,MIA,-2
AA,01/21/2019,2214,N833NN,DFW,-6
AA,01/21/2019,2215,N116AN,SFO,12
AA,01/21/2019,2234,N344AN,DFW,215
AA,01/21/2019,2268,N188AN,MIA,-1
AA,01/21/2019,2286,N902NN,SEA,11
AA,01/21/2019,2291,N905NN,CLT,0
AA,01/21/2019,2305,N117AN,SFO,71
AA,01/21/2019,2306,N956NN,SAN,8
AA,01/21/2019,2369,N947AN,PHX,-1
AA,01/21/2019,2383,N183AN,MIA,5
AA,01/21/2019,2514,N970AN,AUS,0
AA,01/21/2019,2643,N881NN,CLT,1
AA,01/21/2019,2704,N843NN,MCO,-4
AA,01/21/2019,2772,N944NN,AUS,0
AA,01/21/2019,2773,N317PG,DCA,-4
AA,01/21/2019,2783,N186AN,EGE,-6
AA,01/22/2019,1,N107NN,LAX,-7
AA,01/22/2019,3,N109NN,LAX,2
AA,01/22/2019,15,N105NN,SFO,-3
AA,01/22/2019,33,N106NN,LAX,1
AA,01/22/2019,42,N108NN,LAX,19
AA,01/22/2019,53,N114NN,LAX,27
AA,01/22/2019,117,N115NN,LAX,8
AA,01/22/2019,133,N112AN,LAX,-1
AA,01/22/2019,171,N103NN,LAX,-3
AA,01/22/2019,179,N111ZM,SFO,16
AA,01/22/2019,243,N390AA,MIA,-4
AA,01/22/2019,255,N110AN,LAX,-3
AA,01/22/2019,277,N936AN,ORD,0
AA,01/22/2019,300,N103NN,LAX,-7
AA,01/22/2019,302,N117AN,LAX,-5
AA,01/22/2019,331,N104NN,LAX,-4
AA,01/22/2019,341,N102NN,LAX,-3
AA,01/22/2019,429,N710UW,CLT,-7
AA,01/22/2019,631,N980UY,CLT,9
AA,01/22/2019,952,N866NN,PHX,-5
AA,01/22/2019,969,N317PG,LAS,-4
AA,01/22/2019,1047,N822NN,MIA,-1
AA,01/22/2019,1140,N113AN,BOS,130
AA,01/22/2019,1240,N950NN,MCO,23
AA,01/22/2019,1278,N960NN,BOS,86
AA,01/22/2019,1335,N317PG,LAS,-1
AA,01/22/2019,1414,N948NN,ORD,122
AA,01/22/2019,1444,N884NN,CLT,-4
AA,01/22/2019,1487,N992NN,PHX,8
AA,01/22/2019,1500,N952NN,CLT,-5
AA,01/22/2019,1571,N385AM,MIA,24
AA,01/22/2019,1610,N176AA,MIA,7
AA,01/22/2019,2215,N105NN,SFO,9
AA,01/22/2019,2234,N344AN,DFW,170
AA,01/22/2019,2268,N186AN,MIA,-1
AA,01/22/2019,2286,N961AN,SEA,48
AA,01/22/2019,2291,N966AN,CLT,-3
AA,01/22/2019,2305,N116AN,SFO,-4
AA,01/22/2019,2306,N910AN,SAN,-6
AA,01/22/2019,2369,N879NN,PHX,6
AA,01/22/2019,2383,N187AN,MIA,-7
AA,01/22/2019,2514,N902AN,AUS,32
AA,01/22/2019,2643,N335PH,CLT,-5
AA,01/22/2019,2652,N101NN,SFO,27
AA,01/22/2019,2704,N952NN,MCO,0
AA,01/22/2019,2772,N956AN,AUS,-8
AA,01/22/2019,2773,N930NN,DCA,-6
AA,01/23/2019,1,N110AN,LAX,-4
AA,01/23/2019,3,N107NN,LAX,-7
AA,01/23/2019,15,N106NN,SFO,-8
AA,01/23/2019,33,N115NN,LAX,-4
AA,01/23/2019,42,N112AN,LAX,-4
AA,01/23/2019,53,N117AN,LAX,-3
AA,01/23/2019,117,N103NN,LAX,-1
AA,01/23/2019,133,N102NN,LAX,-1
AA,01/23/2019,171,N104NN,LAX,-6
AA,01/23/2019,179,N111ZM,SFO,0
AA,01/23/2019,243,N384AA,MIA,-1
AA,01/23/2019,255,N108NN,LAX,-10
AA,01/23/2019,277,N917NN,ORD,28
AA,01/23/2019,300,N104NN,LAX,-8
AA,01/23/2019,302,N113AN,LAX,-4
AA,01/23/2019,331,N101NN,LAX,0
AA,01/23/2019,341,N114NN,LAX,-5
AA,01/23/2019,429,N839AW,CLT,2
AA,01/23/2019,631,N575UW,CLT,-8
AA,01/23/2019,952,N357PV,PHX,5
AA,01/23/2019,969,N920NN,LAS,126
AA,01/23/2019,1047,N812NN,MIA,-1
AA,01/23/2019,1140,N114NN,BOS,-5
AA,01/23/2019,1240,N906AN,MCO,-1
AA,01/23/2019,1278,N929NN,BOS,-6
AA,01/23/2019,1335,N997NN,LAS,-8
AA,01/23/2019,1414,N924NN,ORD,-2
AA,01/23/2019,1444,N943AN,CLT,-5
AA,01/23/2019,1487,N902AN,PHX,34
AA,01/23/2019,1500,N839NN,CLT,-6
AA,01/23/2019,1571,N349AN,MIA,-3
AA,01/23/2019,1587,N970AN,PHX,63
AA,01/23/2019,1610,N175AN,MIA,41
AA,01/23/2019,2215,N106NN,SFO,-1
AA,01/23/2019,2234,N346AN,DFW,0
AA,01/23/2019,2268,N191AN,MIA,-1
AA,01/23/2019,2286,N878NN,SEA,-6
AA,01/23/2019,2291,N962AN,CLT,86
AA,01/23/2019,2305,N105NN,SFO,-6
AA,01/23/2019,2306,N849NN,SAN,-2
AA,01/23/2019,2369,N983AN,PHX,-1
AA,01/23/2019,2383,N175AN,MIA,1
AA,01/23/2019,2514,N895NN,AUS,-7
AA,01/23/2019,2643,N991NN,CLT,-4
AA,01/23/2019,2652,N109NN,SFO,-5
AA,01/23/2019,2704,N839NN,MCO,-5
AA,01/23/2019,2772,N940NN,AUS,24
AA,01/23/2019,2773,N906AN,DCA,-9
AA,01/24/2019,1,N108NN,LAX,-7
AA,01/24/2019,3,N101NN,LAX,-3
AA,01/24/2019,15,N111ZM,SFO,-4
AA,01/24/2019,33,N103NN,LAX,-5
AA,01/24/2019,42,N102NN,LAX,2
AA,01/24/2019,53,N117AN,LAX,-1
AA,01/24/2019,117,N104NN,LAX,41
AA,01/24/2019,133,N114NN,LAX,-1
AA,01/24/2019,171,N115NN,LAX,-5
AA,01/24/2019,179,N112AN,SFO,-4
AA,01/24/2019,243,N346AN,MIA,-6
AA,01/24/2019,255,N109NN,LAX,-4
AA,01/24/2019,277,N925AN,ORD,-7
AA,01/24/2019,300,N107NN,LAX,-5
AA,01/24/2019,302,N105NN,LAX,66
AA,01/24/2019,331,N110AN,LAX,3
AA,01/24/2019,341,N116AN,LAX,-4
AA,01/24/2019,429,N819AW,CLT,-3
AA,01/24/2019,631,N560UW,CLT,37
AA,01/24/2019,952,N941AN,PHX,6
AA,01/24/2019,969,N820NN,LAS,192
AA,01/24/2019,1047,N983NN,MIA,22
AA,01/24/2019,1140,N113AN,BOS,-5
AA,01/24/2019,1240,N355PU,MCO,73
AA,01/24/2019,1274,N902NN,DFW,-6
AA,01/24/2019,1278,N850NN,BOS,57
AA,01/24/2019,1335,N913NN,LAS,-4
AA,01/24/2019,1414,N343PN,ORD,120
AA,01/24/2019,1444,N910AN,CLT,-6
AA,01/24/2019,1487,N966AN,PHX,-2
AA,01/24/2019,1500,N930NN,CLT,-3
AA,01/24/2019,1571,N343AN,MIA,2
AA,01/24/2019,1587,N990NN,PHX,144
AA,01/24/2019,1610,N692AA,MIA,4
AA,01/24/2019,2214,N835NN,DFW,-8
AA,01/24/2019,2215,N115NN,SFO,0
AA,01/24/2019,2234,N348AN,DFW,-3
AA,01/24/2019,2268,N198AA,MIA,6
AA,01/24/2019,2286,N931AN,SEA,14
AA,01/24/2019,2291,N851NN,CLT,113
AA,01/24/2019,2305,N113AN,SFO,143
AA,01/24/2019,2306,N930NN,SAN,10
AA,01/24/2019,2369,N803NN,PHX,2
AA,01/24/2019,2383,N189AN,MIA,-1
AA,01/24/2019,2423,N938AN,DFW,9
AA,01/24/2019,2514,N895NN,AUS,-3
AA,01/24/2019,2643,N920NN,CLT,-6
AA,01/24/2019,2652,N111ZM,SFO,186
AA,01/24/2019,2704,N961AN,MCO,-4
AA,01/24/2019,2772,N925AN,AUS,0
AA,01/24/2019,2773,N968AN,DCA,66
AA,01/24/2019,2783,N190AA,EGE,25
AA,01/25/2019,1,N102NN,LAX,-3
AA,01/25/2019,3,N113AN,LAX,-4
AA,01/25/2019,15,N112AN,SFO,-6
AA,01/25/2019,33,N108NN,LAX,-1
AA,01/25/2019,42,N103NN,LAX,-7
AA,01/25/2019,53,N104NN,LAX,-8
AA,01/25/2019,117,N107NN,LAX,-4
AA,01/25/2019,133,N115NN,LAX,17
AA,01/25/2019,171,N110AN,LAX,-3
AA,01/25/2019,179,N109NN,SFO,-3
AA,01/25/2019,243,N342AN,MIA,-2
AA,01/25/2019,255,N114NN,LAX,-7
AA,01/25/2019,277,N931AN,ORD,-7
AA,01/25/2019,300,N110AN,LAX,-6
AA,01/25/2019,302,N117AN,LAX,-4
AA,01/25/2019,331,N116AN,LAX,-2
AA,01/25/2019,341,N105NN,LAX,-5
AA,01/25/2019,429,N125UW,CLT,-11
AA,01/25/2019,631,N169UW,CLT,-2
AA,01/25/2019,952,N946AN,PHX,31
AA,01/25/2019,969,N934NN,LAS,-3
AA,01/25/2019,1047,N827NN,MIA,87
AA,01/25/2019,1140,N105NN,BOS,-6
AA,01/25/2019,1240,N916NN,MCO,17
AA,01/25/2019,1274,N877NN,DFW,-2
AA,01/25/2019,1278,N974AN,BOS,-5
AA,01/25/2019,1335,N861NN,LAS,-5
AA,01/25/2019,1414,N853NN,ORD,-5
AA,01/25/2019,1444,N965AN,CLT,-1
AA,01/25/2019,1487,N354PT,PHX,-1
AA,01/25/2019,1500,N930AN,CLT,-6
AA,01/25/2019,1571,N391AA,MIA,-3
AA,01/25/2019,1587,N930AN,PHX,-3
AA,01/25/2019,1610,N192AN,MIA,-2
AA,01/25/2019,2214,N811NN,DFW,-4
AA,01/25/2019,2215,N112AN,SFO,15
AA,01/25/2019,2234,N348AN,DFW,-6
AA,01/25/2019,2268,N172AJ,MIA,7
AA,01/25/2019,2286,N895NN,SEA,-1
AA,01/25/2019,2291,N915NN,CLT,0
AA,01/25/2019,2305,N111ZM,SFO,-4
AA,01/25/2019,2306,N930NN,SAN,8
AA,01/25/2019,2369,N820NN,PHX,-1
AA,01/25/2019,2383,N192AN,MIA,-2
AA,01/25/2019,2423,N995NN,DFW,-3
AA,01/25/2019,2514,N866NN,AUS,-1
AA,01/25/2019,2643,N937AN,CLT,0
AA,01/25/2019,2652,N101NN,SFO,-7
AA,01/25/2019,2704,N923NN,MCO,-4
AA,01/25/2019,2772,N931AN,AUS,7
AA,01/25/2019,2773,N916NN,DCA,-3
AA,01/25/2019,2783,N190AA,EGE,-8
AA,01/26/2019,1,N102NN,LAX,-8
AA,01/26/2019,3,N103NN,LAX,-7
AA,01/26/2019,15,N116AN,SFO,-3
AA,01/26/2019,33,N104NN,LAX,-5
AA,01/26/2019,42,N105NN,LAX,-2
AA,01/26/2019,53,N109NN,LAX,-1
AA,01/26/2019,179,N106NN,SFO,-6
AA,01/26/2019,243,N396AN,MIA,-5
AA,01/26/2019,255,N117AN,LAX,-2
AA,01/26/2019,302,N113AN,LAX,30
AA,01/26/2019,936,N187AN,STT,-10
AA,01/26/2019,952,N942NN,PHX,-4
AA,01/26/2019,1047,N981AN,MIA,-2
AA,01/26/2019,1140,N101NN,BOS,-3
AA,01/26/2019,1240,N891NN,MCO,-1
AA,01/26/2019,1278,N886NN,BOS,-4
AA,01/26/2019,1335,N893NN,LAS,-11
AA,01/26/2019,1357,N755AN,MIA,79
AA,01/26/2019,1414,N979NN,ORD,40
AA,01/26/2019,1444,N892NN,CLT,-3
AA,01/26/2019,1487,N339PL,PHX,-4
AA,01/26/2019,1571,N399AN,MIA,-7
AA,01/26/2019,1587,N936AN,PHX,-6
AA,01/26/2019,1621,N950AN,CLT,-6
AA,01/26/2019,1631,N551UW,CLT,-6
AA,01/26/2019,2215,N108NN,SFO,-9
AA,01/26/2019,2234,N348AN,DFW,-2
AA,01/26/2019,2242,N807NN,DFW,-7
AA,01/26/2019,2268,N882NN,MIA,-1
AA,01/26/2019,2286,N934NN,SEA,-3
AA,01/26/2019,2306,N346PR,SAN,25
AA,01/26/2019,2369,N971NN,PHX,-1
AA,01/26/2019,2514,N866NN,AUS,-10
AA,01/26/2019,2643,N950AN,CLT,-6
AA,01/26/2019,2704,N971AN,MCO,-6
AA,01/26/2019,2772,N866NN,AUS,-7
AA,01/26/2019,2773,N101NN,DCA,-7
AA,01/26/2019,2783,N692AA,EGE,-8
AA,01/27/2019,1,N116AN,LAX,-3
AA,01/27/2019,3,N102NN,LAX,-8
AA,01/27/2019,15,N111ZM,SFO,-5
AA,01/27/2019,33,N117AN,LAX,-2
AA,01/27/2019,42,N109NN,LAX,-2
AA,01/27/2019,53,N115NN,LAX,16
AA,01/27/2019,117,N113AN,LAX,-1
AA,01/27/2019,133,N103NN,LAX,4
AA,01/27/2019,179,N114NN,SFO,-9
AA,01/27/2019,243,N390AA,MIA,-8
AA,01/27/2019,255,N101NN,LAX,4
AA,01/27/2019,277,N879NN,ORD,-4
AA,01/27/2019,300,N105NN,LAX,-3
AA,01/27/2019,302,N106NN,LAX,-7
AA,01/27/2019,331,N110AN,LAX,-6
AA,01/27/2019,341,N104NN,LAX,-6
AA,01/27/2019,429,N710UW,CLT,-7
AA,01/27/2019,631,N576UW,CLT,8
AA,01/27/2019,952,N921AN,PHX,-5
AA,01/27/2019,969,N872NN,LAS,-4
AA,01/27/2019,1047,N990AN,MIA,-3
AA,01/27/2019,1140,N104NN,BOS,10
AA,01/27/2019,1240,N879NN,MCO,5
AA,01/27/2019,1274,N908NN,DFW,-6
AA,01/27/2019,1278,N907NN,BOS,5
AA,01/27/2019,1335,N872NN,LAS,3
AA,01/27/2019,1414,N896NN,ORD,-1
AA,01/27/2019,1444,N963NN,CLT,-4
AA,01/27/2019,1500,N926AN,CLT,-7
AA,01/27/2019,1571,N348AN,MIA,-6
AA,01/27/2019,1587,N969AN,PHX,-3
AA,01/27/2019,1610,N187AN,MIA,2
AA,01/27/2019,2215,N111ZM,SFO,-5
AA,01/27/2019,2234,N392AN,DFW,-7
AA,01/27/2019,2268,N692AA,MIA,0
AA,01/27/2019,2286,N938NN,SEA,-3
AA,01/27/2019,2291,N948NN,CLT,-1
AA,01/27/2019,2305,N108NN,SFO,-5
AA,01/27/2019,2306,N930NN,SAN,12
AA,01/27/2019,2369,N858NN,PHX,-2
AA,01/27/2019,2383,N187AN,MIA,22
AA,01/27/2019,2423,N803NN,DFW,19
AA,01/27/2019,2514,N938NN,AUS,-7
AA,01/27/2019,2643,N899NN,CLT,-5
AA,01/27/2019,2652,N112AN,SFO,-8
AA,01/27/2019,2704,N845NN,MCO,7
AA,01/27/2019,2772,N916AN,AUS,-6
AA,01/27/2019,2773,N850NN,DCA,-5
AA,01/27/2019,2783,N197AN,EGE,-3
AA,01/28/2019,1,N101NN,LAX,-3
AA,01/28/2019,3,N117AN,LAX,-11
AA,01/28/2019,15,N102NN,SFO,-5
AA,01/28/2019,33,N114NN,LAX,-8
AA,01/28/2019,42,N104NN,LAX,-6
AA,01/28/2019,53,N113AN,LAX,-5
AA,01/28/2019,117,N105NN,LAX,-7
AA,01/28/2019,133,N115NN,LAX,-4
AA,01/28/2019,171,N110AN,LAX,-6
AA,01/28/2019,179,N109NN,SFO,-5
AA,01/28/2019,243,N395AN,MIA,-7
AA,01/28/2019,255,N112AN,LAX,-5
AA,01/28/2019,277,N842NN,ORD,143
AA,01/28/2019,300,N110AN,LAX,-9
AA,01/28/2019,302,N108NN,LAX,7
AA,01/28/2019,331,N116AN,LAX,-7
AA,01/28/2019,341,N106NN,LAX,-9
AA,01/28/2019,429,N814AW,CLT,-10
AA,01/28/2019,631,N177US,CLT,54
AA,01/28/2019,952,N979NN,PHX,-6
AA,01/28/2019,969,N850NN,LAS,22
AA,01/28/2019,1047,N301NW,MIA,6
AA,01/28/2019,1140,N106NN,BOS,-8
AA,01/28/2019,1240,N920NN,MCO,-7
AA,01/28/2019,1274,N821NN,DFW,1
AA,01/28/2019,1278,N854NN,BOS,4
AA,01/28/2019,1335,N850NN,LAS,1
AA,01/28/2019,1414,N908NN,ORD,0
AA,01/28/2019,1444,N972NN,CLT,-2
AA,01/28/2019,1487,N988NN,PHX,2
AA,01/28/2019,1500,N855NN,CLT,-2
AA,01/28/2019,1571,N391AA,MIA,-5
AA,01/28/2019,1587,N852NN,PHX,-3
AA,01/28/2019,1610,N190AA,MIA,0
AA,01/28/2019,2214,N338PK,DFW,-9
AA,01/28/2019,2215,N102NN,SFO,-6
AA,01/28/2019,2234,N343AN,DFW,-4
AA,01/28/2019,2268,N692AA,MIA,-2
AA,01/28/2019,2286,N922NN,SEA,-3
AA,01/28/2019,2291,N176AA,CLT,-7
AA,01/28/2019,2305,N111ZM,SFO,-6
AA,01/28/2019,2306,N873NN,SAN,2
AA,01/28/2019,2369,N930AN,PHX,-3
AA,01/28/2019,2383,N762AN,MIA,-5
AA,01/28/2019,2514,N873NN,AUS,-11
AA,01/28/2019,2643,N962AN,CLT,145
AA,01/28/2019,2652,N103NN,SFO,-8
AA,01/28/2019,2704,N904NN,MCO,24
AA,01/28/2019,2772,N963NN,AUS,32
AA,01/28/2019,2773,N963NN,DCA,-5
AA,01/28/2019,2783,N197AN,EGE,1
AA,01/29/2019,1,N114NN,LAX,-7
AA,01/29/2019,3,N108NN,LAX,-6
AA,01/29/2019,15,N109NN,SFO,-5
AA,01/29/2019,33,N105NN,LAX,-10
AA,01/29/2019,42,N101NN,LAX,-6
AA,01/29/2019,53,N113AN,LAX,2
AA,01/29/2019,117,N110AN,LAX,-7
AA,01/29/2019,133,N106NN,LAX,-4
AA,01/29/2019,171,N116AN,LAX,-9
AA,01/29/2019,179,N107NN,SFO,-9
AA,01/29/2019,243,N343AN,MIA,-4
AA,01/29/2019,255,N104NN,LAX,-6
AA,01/29/2019,277,N914AN,ORD,-4
AA,01/29/2019,300,N116AN,LAX,-4
AA,01/29/2019,302,N111ZM,LAX,-4
AA,01/29/2019,331,N115NN,LAX,-4
AA,01/29/2019,341,N103NN,LAX,-8
AA,01/29/2019,429,N838AW,CLT,-6
AA,01/29/2019,631,N921US,CLT,-10
AA,01/29/2019,952,N990NN,PHX,-1
AA,01/29/2019,969,N902NN,LAS,5
AA,01/29/2019,1047,N944AN,MIA,-5
AA,01/29/2019,1140,N103NN,BOS,-9
AA,01/29/2019,1240,N902NN,MCO,-4
AA,01/29/2019,1278,N855NN,BOS,-4
AA,01/29/2019,1335,N914AN,LAS,-1
AA,01/29/2019,1414,N922NN,ORD,-6
AA,01/29/2019,1444,N865NN,CLT,-11
AA,01/29/2019,1487,N969NN,PHX,7
AA,01/29/2019,1500,N301NW,CLT,-5
AA,01/29/2019,1571,N346AN,MIA,-3
AA,01/29/2019,1610,N197AN,MIA,-3
AA,01/29/2019,2215,N109NN,SFO,-2
AA,01/29/2019,2234,N350AN,DFW,-7
AA,01/29/2019,2268,N176AA,MIA,0
AA,01/29/2019,2286,N903NN,SEA,1
AA,01/29/2019,2291,N301NW,CLT,-9
AA,01/29/2019,2305,N102NN,SFO,-5
AA,01/29/2019,2306,N949NN,SAN,-1
AA,01/29/2019,2369,N850NN,PHX,-7
AA,01/29/2019,2383,N197AN,MIA,-5
AA,01/29/2019,2514,N969AN,AUS,-11
AA,01/29/2019,2643,N987NN,CLT,-11
AA,01/29/2019,2652,N117AN,SFO,-3
AA,01/29/2019,2704,N994NN,MCO,-10
AA,01/29/2019,2772,N969AN,AUS,-5
AA,01/29/2019,2773,N855NN,DCA,-8
AA,01/30/2019,1,N105NN,LAX,-6
AA,01/30/2019,3,N103NN,LAX,-4
AA,01/30/2019,15,N107NN,SFO,-3
AA,01/30/2019,33,N115NN,LAX,-13
AA,01/30/2019,42,N104NN,LAX,-5
AA,01/30/2019,53,N108NN,LAX,257
AA,01/30/2019,117,N116AN,LAX,-3
AA,01/30/2019,133,N113AN,LAX,22
AA,01/30/2019,171,N114NN,LAX,-5
AA,01/30/2019,179,N117AN,SFO,-9
AA,01/30/2019,243,N348AN,MIA,-5
AA,01/30/2019,255,N111ZM,LAX,-5
AA,01/30/2019,277,N938AN,ORD,0
AA,01/30/2019,300,N114NN,LAX,11
AA,01/30/2019,302,N102NN,LAX,0
AA,01/30/2019,331,N112AN,LAX,-9
AA,01/30/2019,341,N101NN,LAX,-6
AA,01/30/2019,429,N838AW,CLT,-10
AA,01/30/2019,631,N153UW,CLT,208
AA,01/30/2019,952,N873NN,PHX,0
AA,01/30/2019,969,N335PH,LAS,-10
AA,01/30/2019,1047,N925NN,MIA,-1
AA,01/30/2019,1140,N101NN,BOS,-4
AA,01/30/2019,1240,N871NN,MCO,125
AA,01/30/2019,1278,N869NN,BOS,-2
AA,01/30/2019,1335,N335PH,LAS,10
AA,01/30/2019,1414,N903NN,ORD,38
AA,01/30/2019,1444,N976AN,CLT,-7
AA,01/30/2019,1487,N821NN,PHX,-2
AA,01/30/2019,1500,N918AN,CLT,-4
AA,01/30/2019,1571,N344AN,MIA,-2
AA,01/30/2019,1587,N861NN,PHX,280
AA,01/30/2019,1610,N193AN,MIA,-1
AA,01/30/2019,2215,N107NN,SFO,35
AA,01/30/2019,2234,N381AN,DFW,1
AA,01/30/2019,2268,N177AN,MIA,-4
AA,01/30/2019,2286,N317PG,SEA,5
AA,01/30/2019,2291,N872NN,CLT,25
AA,01/30/2019,2305,N109NN,SFO,-2
AA,01/30/2019,2306,N960NN,SAN,65
AA,01/30/2019,2369,N996NN,PHX,-3
AA,01/30/2019,2383,N186AN,MIA,11
AA,01/30/2019,2514,N317PG,AUS,-8
AA,01/30/2019,2643,N309PC,CLT,-4
AA,01/30/2019,2652,N115NN,SFO,149
AA,01/30/2019,2704,N918AN,MCO,-3
AA,01/30/2019,2772,N940NN,AUS,15
AA,01/30/2019,2773,N871NN,DCA,-5
AA,01/31/2019,1,N104NN,LAX,12
AA,01/31/2019,3,N115NN,LAX,-2
AA,01/31/2019,15,N117AN,SFO,7
AA,01/31/2019,33,N116AN,LAX,-6
AA,01/31/2019,42,N111ZM,LAX,-8
AA,01/31/2019,53,N102NN,LAX,49
AA,01/31/2019,117,N114NN,LAX,-1
AA,01/31/2019,133,N110AN,LAX,-1
AA,01/31/2019,171,N112AN,LAX,-3
AA,01/31/2019,179,N113AN,SFO,-3
AA,01/31/2019,243,N392AN,MIA,-3
AA,01/31/2019,255,N109NN,LAX,-4
AA,01/31/2019,277,N301PA,ORD,13
AA,01/31/2019,300,N112AN,LAX,21
AA,01/31/2019,302,N108NN,LAX,17
AA,01/31/2019,331,N105NN,LAX,-3
AA,01/31/2019,341,N103NN,LAX,-2
AA,01/31/2019,429,N831AW,CLT,-6
AA,01/31/2019,631,N916US,CLT,19
AA,01/31/2019,952,N359PX,PHX,-4
AA,01/31/2019,969,N821NN,LAS,8
AA,01/31/2019,1047,N949NN,MIA,8
AA,01/31/2019,1140,N103NN,BOS,-7
AA,01/31/2019,1240,N959NN,MCO,0
AA,01/31/2019,1274,N967AN,DFW,37
AA,01/31/2019,1278,N915AN,BOS,-3
AA,01/31/2019,1335,N953AN,LAS,18
AA,01/31/2019,1414,N958AN,ORD,0
AA,01/31/2019,1444,N887NN,CLT,10
AA,01/31/2019,1487,N894NN,PHX,-2
AA,01/31/2019,1500,N976AN,CLT,84
AA,01/31/2019,1571,N348AN,MIA,2
AA,01/31/2019,1587,N879NN,PHX,21
AA,01/31/2019,1610,N188AN,MIA,1
AA,01/31/2019,2214,N809NN,DFW,44
AA,01/31/2019,2215,N117AN,SFO,25
AA,01/31/2019,2234,N381AN,DFW,6
AA,01/31/2019,2268,N177AN,MIA,25
AA,01/31/2019,2286,N921AN,SEA,-6
AA,01/31/2019,2291,N998NN,CLT,6
AA,01/31/2019,2305,N107NN,SFO,-3
AA,01/31/2019,2306,N896NN,SAN,27
AA,01/31/2019,2369,N849NN,PHX,91
AA,01/31/2019,2383,N187AN,MIA,4
AA,01/31/2019,2423,N858NN,DFW,-6
AA,01/31/2019,2514,N931NN,AUS,-1
AA,01/31/2019,2643,N875NN,CLT,-2
AA,01/31/2019,2652,N101NN,SFO,21
AA,01/31/2019,2704,N946AN,MCO,-1
AA,01/31/2019,2772,N928NN,AUS,-4
AA,01/31/2019,2773,N959NN,DCA,-4
AA,01/31/2019,2783,N193AN,EGE,24
